date,sneer,movavg,upper_2sd,lower_2sd
1999-01-08,100.0,,,
1999-01-15,99.75,,,
1999-01-22,100.09,,,
1999-01-29,100.18,,,
1999-02-05,99.76,,,
1999-02-12,99.77,,,
1999-02-19,99.78,,,
1999-02-26,99.25,,,
1999-03-05,99.02,,,
1999-03-12,98.97,,,
1999-03-19,99.04,,,
1999-03-26,98.77,,,
1999-04-01,98.93,,,
1999-04-09,98.83,,,
1999-04-16,99.93,,,
1999-04-23,99.77,,,
1999-04-30,100.17,,,
1999-05-07,99.71,,,
1999-05-14,99.61,,,
1999-05-21,99.2,,,
1999-05-28,98.75,,,
1999-06-04,99.05,,,
1999-06-11,98.76,,,
1999-06-18,98.98,,,
1999-06-25,98.95,,,
1999-07-02,99.02,,,
1999-07-09,99.53,,,
1999-07-16,99.37,,,
1999-07-23,99.12,,,
1999-07-30,99.38,,,
1999-08-06,99.81,,,
1999-08-13,100.85,,,
1999-08-20,100.48,,,
1999-08-27,99.94,,,
1999-09-03,99.88,,,
1999-09-10,100.03,,,
1999-09-17,99.69,,,
1999-09-24,99.08,,,
1999-10-01,99.0,,,
1999-10-08,99.64,,,
1999-10-15,99.9,,,
1999-10-22,99.72,,,
1999-10-29,99.83,,,
1999-11-05,99.83,,,
1999-11-12,99.82,,,
1999-11-19,100.03,,,
1999-11-26,100.1,,,
1999-12-03,99.55,,,
1999-12-10,99.36,,,
1999-12-17,99.52,,,
1999-12-24,99.75,,,
1999-12-31,99.84,,,
2000-01-07,100.05,,,
2000-01-14,99.78,,,
2000-01-21,99.48,,,
2000-01-28,98.84,,,
2000-02-04,99.23,,,
2000-02-11,99.23,,,
2000-02-18,99.03,,,
2000-02-25,98.77,,,
2000-03-03,98.36,,,
2000-03-10,98.43,,,
2000-03-17,98.52,,,
2000-03-24,98.35,,,
2000-03-31,98.24,,,
2000-04-07,98.43,,,
2000-04-14,98.44,,,
2000-04-20,99.48,,,
2000-04-28,99.83,,,
2000-05-05,99.59,,,
2000-05-12,99.62,,,
2000-05-19,99.72,,,
2000-05-26,99.52,,,
2000-06-02,99.33,,,
2000-06-09,99.35,,,
2000-06-16,99.18,,,
2000-06-23,98.64,,,
2000-06-30,98.74,,,
2000-07-07,99.04,,,
2000-07-14,99.08,,,
2000-07-21,98.98,,,
2000-07-28,99.3,,,
2000-08-04,100.2,,,
2000-08-11,100.53,,,
2000-08-18,100.49,,,
2000-08-25,100.57,,,
2000-09-01,100.51,,,
2000-09-08,100.27,,,
2000-09-15,100.31,,,
2000-09-22,100.45,,,
2000-09-29,100.21,,,
2000-10-06,100.37,,,
2000-10-13,100.28,,,
2000-10-20,100.79,,,
2000-10-27,101.1,,,
2000-11-03,101.5,,,
2000-11-10,101.74,,,
2000-11-17,101.53,,,
2000-11-24,101.61,,,
2000-12-01,101.62,,,
2000-12-08,101.87,,,
2000-12-15,102.24,,,
2000-12-22,102.07,,,
2000-12-29,102.31,99.73307692307698,101.51302145569822,97.95313239045574
2001-01-05,101.94,99.75173076923082,101.58289877106282,97.92056276739882
2001-01-12,102.14,99.77471153846159,101.66483087867236,97.88459219825081
2001-01-19,102.28,99.79576923076928,101.74785687066816,97.8436815908704
2001-01-26,101.81,99.81144230769236,101.80178875413033,97.82109586125439
2001-02-02,101.58,99.82894230769236,101.84924108069303,97.80864353469168
2001-02-09,101.58,99.8463461538462,101.89557154895043,97.79712075874197
2001-02-16,101.79,99.86567307692312,101.94998482227925,97.78136133156698
2001-02-23,102.16,99.89365384615388,102.02224435056614,97.76506334174162
2001-03-02,102.16,99.92384615384618,102.09111244263997,97.7565798650524
2001-03-09,101.76,99.95067307692312,102.13921919080927,97.76212696303698
2001-03-16,102.02,99.97932692307697,102.19754848733518,97.76110535881875
2001-03-23,101.94,100.00980769230773,102.24794315203117,97.7716722325843
2001-03-30,101.2,100.03163461538466,102.27151344459155,97.79175578617777
2001-04-06,100.71,100.04971153846158,102.28075023030682,97.81867284661634
2001-04-12,100.72,100.05730769230772,102.29207660287638,97.82253878173906
2001-04-20,100.93,100.06846153846156,102.3090106549818,97.82791242194132
2001-04-27,100.73,100.07384615384618,102.31806947432321,97.82962283336914
2001-05-04,100.07,100.07730769230771,102.32037464743803,97.8342407371774
2001-05-11,100.04,100.08144230769234,102.32261470938964,97.84026990599504
2001-05-18,100.7,100.09586538461541,102.33343100107804,97.85829976815278
2001-05-25,101.17,100.11913461538464,102.35049644532866,97.88777278544062
2001-06-01,101.15,100.13932692307695,102.3696201502141,97.9090336959398
2001-06-08,101.08,100.16163461538464,102.38259760179501,97.94067162897427
2001-06-15,101.02,100.18125000000003,102.39608907675527,97.9664109232448
2001-06-22,100.98,100.20076923076925,102.40754906161033,97.99398939992818
2001-06-29,100.98,100.21961538461541,102.41913328956397,98.02009747966684
2001-07-06,101.04,100.23413461538463,102.43520163037546,98.0330676003938
2001-07-13,100.5,100.24500000000002,102.43998634358927,98.05001365641077
2001-07-20,100.57,100.25894230769231,102.44346317141334,98.07442144397127
2001-07-27,100.77,100.2723076923077,102.4521130292461,98.0925023553693
2001-08-03,101.39,100.28750000000001,102.47629716047614,98.09870283952388
2001-08-10,102.13,100.2998076923077,102.51560793700956,98.08400744760583
2001-08-17,102.3,100.3173076923077,102.56733937410264,98.06727601051274
2001-08-24,101.97,100.33682692307691,102.60875312251932,98.06490072363451
2001-08-31,102.46,100.3616346153846,102.66947370145603,98.05379552931318
2001-09-07,102.85,100.38874999999999,102.74657636036468,98.03092363963529
2001-09-14,103.04,100.42096153846153,102.83118332937697,98.01073974754608
2001-09-21,103.16,100.4601923076923,102.91467262683159,98.005711988553
2001-09-28,102.05,100.48951923076922,102.94641818362123,98.0326202779172
2001-10-05,101.68,100.50913461538461,102.97120905934185,98.04706017142738
2001-10-12,99.99,100.50999999999999,102.97127285721625,98.04872714278373
2001-10-19,99.62,100.50903846153847,102.9716355896502,98.04644133342673
2001-10-26,99.48,100.50567307692307,102.9729702726069,98.03837588123925
2001-11-02,99.41,100.50163461538462,102.97476652480104,98.0285027059682
2001-11-09,99.74,100.50086538461538,102.9749031763178,98.02682759291297
2001-11-16,99.33,100.49413461538461,102.97713876292717,98.01113046784205
2001-11-23,99.04,100.4839423076923,102.98213647998537,97.98574813539923
2001-11-30,99.21,100.48067307692307,102.98468657672076,97.97665957712537
2001-12-07,99.07,100.47788461538461,102.98757793680603,97.96819129396319
2001-12-14,99.15,100.4743269230769,102.99054501976123,97.95810882639257
2001-12-21,99.07,100.46778846153845,102.99511785017879,97.94045907289811
2001-12-28,99.22,100.4618269230769,102.99804651545476,97.92560733069904
2002-01-04,99.0,100.45173076923075,103.00288728185477,97.90057425660673
2002-01-11,99.18,100.44596153846152,103.00595170717855,97.88597136974448
2002-01-18,99.95,100.45048076923075,103.00523780904618,97.89572372941532
2002-01-25,99.97,100.46134615384614,102.99798724412885,97.92470506356342
2002-02-01,100.38,100.47240384615382,102.997365051573,97.94744264073465
2002-02-08,100.37,100.48336538461537,102.99641267507613,97.9703180941546
2002-02-15,100.41,100.4966346153846,102.99320719499393,98.00006203577526
2002-02-22,100.39,100.51221153846151,102.98537932234291,98.03904375458012
2002-03-01,100.31,100.5309615384615,102.96752528025266,98.09439779667034
2002-03-08,100.16,100.54759615384611,102.94960582245595,98.14558648523628
2002-03-15,100.1,100.56278846153842,102.93277630589004,98.19280061718679
2002-03-22,99.93,100.57798076923072,102.91064186856151,98.24531966989993
2002-03-28,99.24,100.5875961538461,102.88937342444267,98.28581888324955
2002-04-05,99.12,100.59423076923073,102.87477012343595,98.31369141502552
2002-04-12,99.22,100.60173076923071,102.85866475324855,98.34479678521288
2002-04-19,99.29,100.59990384615381,102.86080923261777,98.33899845968985
2002-04-26,99.69,100.59855769230765,102.8614803119907,98.3356350726246
2002-05-03,99.7,100.59961538461536,102.86073620485116,98.33849456437956
2002-05-10,99.61,100.5995192307692,102.86080914499422,98.33822931654419
2002-05-17,99.72,100.5995192307692,102.86080914499422,98.33822931654419
2002-05-24,99.5,100.59932692307689,102.86099099713124,98.33766284902254
2002-05-31,99.34,100.59942307692305,102.8608700351852,98.33797611866089
2002-06-07,99.07,100.59673076923073,102.86484224113667,98.32861929732479
2002-06-14,99.19,100.59682692307689,102.86469665516738,98.3289571909864
2002-06-21,99.11,100.60134615384612,102.85529726106346,98.34739504662879
2002-06-28,99.31,100.6068269230769,102.84521619212516,98.36843765402863
2002-07-05,99.2,100.60836538461535,102.84262138784678,98.37410938138393
2002-07-12,99.69,100.61423076923074,102.83544655161299,98.3930149868485
2002-07-19,100.13,100.62528846153843,102.82499180734644,98.42558511573043
2002-07-26,100.1,100.63298076923076,102.81952191296969,98.44643962549182
2002-08-02,99.95,100.6305769230769,102.81958889494784,98.44156495120596
2002-08-08,100.01,100.6255769230769,102.81788975406538,98.43326409208844
2002-08-16,100.31,100.62384615384613,102.8168753709621,98.43081693673017
2002-08-23,100.52,100.62336538461537,102.816464199591,98.43026656963974
2002-08-30,100.43,100.62259615384613,102.81591167432352,98.42928063336875
2002-09-06,100.44,100.62423076923075,102.81673820873746,98.43172332972404
2002-09-13,100.31,100.62423076923075,102.81673820873746,98.43172332972404
2002-09-20,99.71,100.61711538461535,102.81669817484682,98.41753259438387
2002-09-27,99.57,100.61096153846151,102.81871050271687,98.40321257420615
2002-10-04,99.32,100.60086538461535,102.82262382503755,98.37910694419314
2002-10-11,99.15,100.58999999999995,102.82908094877004,98.35091905122985
2002-10-18,99.23,100.57499999999995,102.82951779443769,98.3204822055622
2002-10-25,99.91,100.56355769230763,102.81939270360769,98.30772268100756
2002-11-01,100.12,100.5502884615384,102.80010305019795,98.30047387287885
2002-11-08,100.19,100.53538461538457,102.77387565199504,98.2968935787741
2002-11-15,99.79,100.5186538461538,102.75312701694995,98.28418067535765
2002-11-22,99.77,100.5009615384615,102.72966488255346,98.27225819436953
2002-11-29,99.98,100.48519230769224,102.7051074303051,98.26527718507938
2002-12-05,99.93,100.46653846153839,102.67201226833627,98.26106465474051
2002-12-13,100.05,100.4454807692307,102.6242234008457,98.2667381376157
2002-12-20,100.48,100.43019230769224,102.58507834440437,98.27530627098011
2002-12-27,100.74,100.41509615384608,102.53856281058216,98.29162949711
2003-01-03,100.57,100.401923076923,102.5040737591207,98.2997723947253
2003-01-10,100.31,100.38432692307684,102.45816350542269,98.310490340731
2003-01-17,100.26,100.36490384615377,102.4045897065892,98.32521798571833
2003-01-24,100.19,100.34932692307686,102.36908614053064,98.32956770562308
2003-01-31,100.05,100.3346153846153,102.34041072226054,98.32882004697007
2003-02-07,99.71,100.31663461538453,102.31083321214352,98.32243601862554
2003-02-14,99.2,100.29173076923068,102.27628166813719,98.30717987032418
2003-02-21,99.44,100.26557692307685,102.2221815250172,98.3089723211365
2003-02-28,99.87,100.24355769230762,102.16528813877684,98.32182724583839
2003-03-07,99.74,100.22413461538454,102.12467845288657,98.32359077788252
2003-03-14,99.4,100.19894230769222,102.07261046798801,98.32527414739643
2003-03-21,98.9,100.16971153846144,102.02847082134207,98.31095225558082
2003-03-28,98.74,100.1460576923076,102.01444865837725,98.27766672623794
2003-04-04,98.32,100.12307692307682,102.02199654830888,98.22415729784477
2003-04-11,97.89,100.0958653846153,102.04078779667871,98.15094297255187
2003-04-17,97.8,100.06576923076912,102.05492564523843,98.07661281629981
2003-04-25,97.5,100.03471153846144,102.08199523587963,97.98742784104324
2003-05-02,97.44,100.00942307692299,102.11897201306199,97.89987414078398
2003-05-09,98.26,99.99230769230759,102.12955613799554,97.85505924661965
2003-05-16,98.74,99.97346153846144,102.12005200587754,97.82687107104533
2003-05-23,98.67,99.94942307692297,102.0978871061399,97.80095904770604
2003-05-30,98.51,99.92403846153836,102.07758963892807,97.77048728414864
2003-06-06,98.67,99.90086538461529,102.05604358881538,97.74568718041519
2003-06-13,98.09,99.8726923076922,102.04531674325695,97.70006787212746
2003-06-20,98.13,99.84528846153836,102.03334422258341,97.65723270049331
2003-06-27,97.66,99.81336538461528,102.03123037840867,97.5955003908219
2003-07-04,97.04,99.77490384615375,102.04497419311086,97.50483349919664
2003-07-11,97.2,99.74317307692299,102.06399526873433,97.42235088511164
2003-07-18,97.24,99.71115384615375,102.07734501388933,97.34496267841817
2003-07-25,97.56,99.68028846153835,102.07427681707648,97.28630010600023
2003-08-01,97.57,99.6435576923076,102.04879295039585,97.23832243421934
2003-08-08,97.51,99.59913461538453,101.98950544509059,97.20876378567847
2003-08-15,97.75,99.55538461538453,101.91242558256887,97.19834364820018
2003-08-22,98.24,99.51951923076915,101.84141898828298,97.19761947325532
2003-08-29,98.06,99.47721153846146,101.7423675381142,97.21205553880873
2003-09-05,97.72,99.42788461538453,101.61860232032346,97.2371669104456
2003-09-12,97.52,99.3748076923076,101.47778935876816,97.27182602584703
2003-09-19,97.39,99.31932692307683,101.32099470231272,97.31765914384094
2003-09-26,97.47,99.27528846153837,101.23541121721614,97.3151657058606
2003-10-03,97.39,99.23403846153836,101.17018721461103,97.29788970846569
2003-10-10,97.22,99.20740384615374,101.17746519297292,97.23734249933456
2003-10-17,96.78,99.18009615384605,101.20502716346739,97.15516514422471
2003-10-23,96.48,99.15124999999989,101.24328702931804,97.05921297068174
2003-10-31,96.54,99.12365384615374,101.27673167508037,96.97057601722712
2003-11-07,96.61,99.0935576923076,101.29871302579524,96.88840235881996
2003-11-14,97.0,99.07115384615375,101.31363566769427,96.82867202461323
2003-11-21,97.46,99.05596153846143,101.32059467788176,96.7913283990411
2003-11-28,97.31,99.0376923076922,101.32781840040786,96.74756621497653
2003-12-05,97.25,99.02019230769221,101.33698114792904,96.70340346745539
2003-12-12,97.36,99.00298076923067,101.34236062201072,96.66360091645063
2003-12-19,97.46,98.9874999999999,101.3463161421001,96.6286838578997
2003-12-26,97.46,98.97057692307682,101.34783785311774,96.5933159930359
2004-01-02,97.54,98.95653846153837,101.35028398374678,96.56279293932997
2004-01-09,97.27,98.938173076923,101.3541984809285,96.52214767291748
2004-01-16,97.26,98.91230769230759,101.34214044977774,96.48247493483744
2004-01-21,96.98,98.8835576923076,101.33351813307269,96.43359725154252
2004-01-30,97.35,98.854423076923,101.30457516560125,96.40427098824475
2004-02-06,97.47,98.82653846153836,101.27303271453532,96.3800442085414
2004-02-13,98.08,98.80413461538453,101.2346854907785,96.37358373999055
2004-02-20,97.92,98.78038461538452,101.19657743717113,96.36419179359791
2004-02-27,97.55,98.75384615384607,101.16280243219725,96.34488987549489
2004-03-05,97.26,98.72596153846145,101.13631544911591,96.31560762780698
2004-03-12,97.36,98.6996153846153,101.10920935287197,96.29002141635863
2004-03-19,97.83,98.67942307692299,101.08256152151328,96.27628463233269
2004-03-26,98.16,98.66903846153838,101.07172711609263,96.26634980698412
2004-04-02,98.49,98.66298076923067,101.0642536999543,96.26170783850704
2004-04-08,98.61,98.6571153846153,101.05587181498652,96.25835895424407
2004-04-16,99.24,98.65663461538452,101.05489872964755,96.25837050112149
2004-04-23,98.76,98.64769230769221,101.0373142557245,96.25807035965992
2004-04-30,98.38,98.63499999999989,101.01605467371543,96.25394532628435
2004-05-07,98.7,98.62624999999989,100.99950909623514,96.25299090376463
2004-05-14,98.19,98.61153846153836,100.9763677630087,96.24670916006802
2004-05-21,98.16,98.59865384615374,100.95852887607222,96.23877881623525
2004-05-28,98.43,98.58990384615375,100.94542122001884,96.23438647228865
2004-06-04,98.56,98.5849999999999,100.93860331060444,96.23139668939535
2004-06-11,98.28,98.5762499999999,100.92753419776079,96.22496580223901
2004-06-18,98.12,98.56673076923067,100.917303419653,96.21615811880835
2004-06-25,98.0,98.55413461538453,100.90265963992397,96.20560959084509
2004-07-02,98.0,98.54259615384605,100.89009636560566,96.19509594208644
2004-07-09,97.75,98.5239423076922,100.86544198192247,96.18244263346192
2004-07-16,98.08,98.50423076923067,100.82555227485763,96.18290926360372
2004-07-23,97.89,98.48298076923066,100.7856898193235,96.18027171913783
2004-07-30,97.77,98.46201923076912,100.75043731295906,96.17360114857917
2004-08-06,97.94,98.44211538461528,100.71208937715579,96.17214139207476
2004-08-13,98.09,98.42076923076912,100.66136327874523,96.18017518279302
2004-08-20,98.05,98.39701923076912,100.59978691580395,96.19425154573429
2004-08-27,98.35,98.37701923076912,100.54269476574139,96.21134369579686
2004-09-03,98.59,98.35923076923065,100.48651937998778,96.23194215847352
2004-09-10,99.0,98.3466346153845,100.44255318375896,96.25071604701004
2004-09-17,99.29,98.34259615384606,100.4295040168523,96.25568829083981
2004-09-25,99.28,98.3398076923076,100.42085854852616,96.25875683608905
2004-10-01,99.32,98.3398076923076,100.42085854852616,96.25875683608905
2004-10-08,99.51,98.34326923076915,100.43095004985742,96.25558841168089
2004-10-15,99.57,98.34653846153839,100.44088178004473,96.25219514303204
2004-10-22,99.77,98.34519230769223,100.43565327004,96.25473134534445
2004-10-29,99.84,98.34249999999992,100.42443291443145,96.26056708556838
2004-11-05,99.71,98.33788461538452,100.40535372730663,96.27041550346242
2004-11-12,99.88,98.33874999999989,100.40874777214802,96.26875222785176
2004-11-19,99.68,98.33788461538451,100.40553967868468,96.27022955208434
2004-11-26,99.55,98.33374999999988,100.3898301380246,96.27766986197516
2004-12-03,99.59,98.33048076923066,100.37737067583718,96.28359086262414
2004-12-10,99.4,98.32423076923065,100.35381141807316,96.29465012038814
2004-12-17,99.54,98.31519230769221,100.31413956610002,96.3162450492844
2004-12-24,99.55,98.3037499999999,100.25980147647998,96.34769852351981
2004-12-31,99.64,98.29480769230759,100.2172292654811,96.37238611913408
2005-01-07,99.48,98.28682692307682,100.18216051704158,96.39149332911205
2005-01-14,99.8,98.28240384615373,100.16121465614637,96.40359303616108
2005-01-20,99.88,98.27942307692295,100.1469604240973,96.4118857297486
2005-01-28,99.86,98.27759615384603,100.13849789828707,96.416694409405
2005-02-04,99.78,98.27826923076913,100.14131286706392,96.41522559447434
2005-02-11,99.43,98.28048076923066,100.1484829309466,96.41247860751473
2005-02-18,99.61,98.28211538461528,100.15450791062857,96.409722858602
2005-02-25,99.88,98.28221153846142,100.15493440265233,96.40948867427052
2005-03-04,100.08,98.28548076923065,100.16963416477013,96.40132737369116
2005-03-11,100.2,98.29317307692297,100.20207356749256,96.38427258635338
2005-03-18,100.19,98.30557692307683,100.24689231523465,96.36426153091901
2005-03-24,99.77,98.31548076923067,100.27616002503378,96.35480151342757
2005-04-01,99.51,98.326923076923,100.30154866890946,96.35229748493653
2005-04-08,99.14,98.33894230769222,100.31803873439002,96.35984588099443
2005-04-15,99.54,98.35567307692301,100.3457567740905,96.36558937975552
2005-04-22,99.46,98.37451923076915,100.36899291574446,96.38004554579385
2005-04-29,99.63,98.39557692307683,100.39643465550589,96.39471919064778
2005-05-06,99.96,98.41192307692297,100.43594977946562,96.38789637438033
2005-05-13,99.59,98.42009615384606,100.45630144838118,96.38389085931094
2005-05-20,99.51,98.42817307692297,100.47501817836682,96.38132797547912
2005-05-27,99.6,98.43865384615376,100.49831364970075,96.37899404260676
2005-06-03,99.36,98.44528846153837,100.51238991086097,96.37818701221576
2005-06-10,99.47,98.4585576923076,100.53414752452515,96.38296786009003
2005-06-17,99.25,98.46932692307684,100.54964852708444,96.38900531906923
2005-06-24,99.32,98.48528846153837,100.56600334378656,96.40457357929019
2005-07-01,99.08,98.50490384615374,100.56898594580828,96.4408217464992
2005-07-08,98.91,98.52134615384604,100.57063598147155,96.47205632622052
2005-07-15,99.11,98.53932692307681,100.57598564578906,96.50266820036457
2005-07-22,99.52,98.55817307692298,100.59450475765796,96.52184139618801
2005-07-29,100.16,98.58307692307683,100.6338974113522,96.53225643480147
2005-08-05,100.38,98.61067307692298,100.68032670288089,96.54101945096507
2005-08-12,100.37,98.63586538461529,100.72687918727823,96.54485158195234
2005-08-19,99.94,98.65221153846144,100.75725856047747,96.54716451644542
2005-08-26,99.7,98.6679807692307,100.77967061812498,96.55629092033641
2005-09-02,99.32,98.68336538461531,100.79046961494899,96.57626115428164
2005-09-09,99.15,98.69903846153838,100.79541447322481,96.60266244985195
2005-09-16,99.12,98.71567307692301,100.79750155707241,96.63384459677361
2005-09-23,99.26,98.73288461538456,100.80268160946717,96.66308762130195
2005-09-30,99.18,98.7500961538461,100.80450461795819,96.69568768973402
2005-10-07,99.16,98.76874999999995,100.80216921140715,96.73533078859276
2005-10-14,99.29,98.79288461538457,100.79023173570279,96.79553749506634
2005-10-21,99.22,98.81923076923073,100.76497782132635,96.8734837171351
2005-10-28,99.25,98.8452884615384,100.73966226074283,96.95091466233397
2005-11-04,99.18,98.86999999999995,100.71295878613114,97.02704121386876
2005-11-11,99.25,98.89163461538456,100.69840314215683,97.08486608861229
2005-11-18,99.3,98.90932692307686,100.69539221814225,97.12326162801148
2005-11-25,99.65,98.93182692307687,100.69533350141143,97.16832034474231
2005-12-02,99.83,98.95663461538456,100.69702316831179,97.21624606245733
2005-12-09,100.12,98.98317307692302,100.70934458438933,97.25700156945672
2005-12-16,100.31,99.01057692307687,100.72956020108795,97.29159364506579
2005-12-23,100.73,99.04201923076918,100.76607040881622,97.31796805272215
2005-12-30,100.94,99.07471153846149,100.81261778176976,97.33680529515321
2006-01-06,101.1,99.11153846153842,100.85729007418387,97.36578684889297
2006-01-13,101.49,99.15221153846149,100.92069277317115,97.38373030375182
2006-01-20,101.6,99.19663461538457,100.97680284257603,97.4164663881931
2006-01-27,101.91,99.24048076923071,101.06111840384237,97.41984313461906
2006-02-03,101.62,99.28038461538458,101.12604059754396,97.43472863322519
2006-02-10,101.81,99.31624999999995,101.21198089626867,97.42051910373124
2006-02-17,101.75,99.35307692307688,101.28766566675584,97.41848817939793
2006-02-24,101.92,99.39509615384613,101.361090544286,97.42910176340625
2006-03-03,102.05,99.44115384615381,101.42943467196042,97.4528730203472
2006-03-10,101.79,99.48374999999996,101.48174547605339,97.48575452394653
2006-03-17,102.05,99.52432692307687,101.55776728946933,97.49088655668442
2006-03-24,102.21,99.56326923076918,101.6457144743905,97.48082398714786
2006-03-31,102.16,99.59855769230764,101.73132091799593,97.46579446661934
2006-04-07,102.28,99.63384615384611,101.82129367588813,97.44639863180409
2006-04-13,102.29,99.66317307692303,101.91026356152851,97.41608259231755
2006-04-21,102.54,99.6995192307692,102.0090224006545,97.3900160608839
2006-04-28,102.61,99.74019230769228,102.10418757778963,97.37619703759493
2006-05-05,102.64,99.7780769230769,102.20031063010052,97.35584321605327
2006-05-11,102.75,99.82192307692304,102.29265438947407,97.35119176437202
2006-05-19,102.49,99.86355769230765,102.36689591911988,97.36021946549542
2006-05-26,102.76,99.90519230769226,102.45581831997208,97.35456629541244
2006-06-02,102.99,99.94778846153842,102.55501807664145,97.3405588464354
2006-06-09,102.95,99.99269230769227,102.64439222887381,97.34099238651072
2006-06-16,102.92,100.03884615384611,102.72575842176155,97.35193388593066
2006-06-23,102.96,100.08653846153841,102.80320227682506,97.36987464625176
2006-06-30,102.96,100.13423076923071,102.87697645938078,97.39148507908064
2006-07-07,103.07,100.18538461538455,102.9469121553515,97.4238570754176
2006-07-14,103.24,100.23499999999993,103.02897687823585,97.441023121764
2006-07-21,103.23,100.2863461538461,103.10245247588512,97.47023983180708
2006-07-28,103.29,100.33942307692301,103.17200853958545,97.50683761426058
2006-08-04,103.28,100.39076923076917,103.24122815114661,97.54031031039172
2006-08-11,103.45,100.44230769230764,103.31846239434523,97.56615299027004
2006-08-18,103.44,100.49413461538458,103.39036264183221,97.59790658893695
2006-08-25,103.58,100.54442307692304,103.47174177706808,97.617104376778
2006-09-01,103.7,100.59355769230766,103.55966778364557,97.62744760096975
2006-09-08,103.75,100.63923076923074,103.65215012544506,97.62631141301641
2006-09-15,103.54,100.68009615384611,103.73411276126457,97.62607954642765
2006-09-22,103.01,100.7159615384615,103.79110525660383,97.64081782031917
2006-09-29,102.98,100.7511538461538,103.84548603747271,97.65682165483489
2006-10-06,103.22,100.78682692307687,103.90878705470591,97.66486679144784
2006-10-13,103.35,100.82317307692303,103.9757811997481,97.67056495409796
2006-10-20,103.74,100.8613461538461,104.0582792201803,97.6644130875119
2006-10-27,103.97,100.90105769230763,104.1489480226927,97.65316736192257
2006-11-03,104.02,100.94249999999995,104.23864043201647,97.64635956798344
2006-11-10,103.89,100.98105769230764,104.32053142361507,97.64158396100022
2006-11-17,104.16,101.02413461538457,104.41106622278677,97.63720300798236
2006-11-24,104.16,101.06846153846149,104.49787374910802,97.63904932781496
2006-12-01,104.01,101.1109615384615,104.57574303647522,97.64618004044777
2006-12-08,103.75,101.15278846153842,104.639108419373,97.66646850370384
2006-12-15,103.91,101.19480769230765,104.70785685418157,97.68175853043373
2006-12-22,104.09,101.2384615384615,104.78166262445343,97.69526045246955
2006-12-29,104.4,101.28423076923073,104.86679338441442,97.70166815404704
2007-01-05,104.41,101.33163461538457,104.948082597104,97.71518663366514
2007-01-12,104.43,101.37615384615381,105.03024723663381,97.72206045567381
2007-01-19,104.45,101.42009615384615,105.11124799363924,97.72894431405305
2007-01-26,104.5,101.46471153846151,105.1916973131729,97.73772576375013
2007-02-02,104.63,101.51134615384612,105.27439083900019,97.74830146869205
2007-02-09,104.7,101.56201923076921,105.35368856603867,97.77034989549975
2007-02-16,104.44,101.60846153846151,105.42182360446763,97.79509947245539
2007-02-23,104.55,101.65336538461536,105.4944055052554,97.81232526397531
2007-03-02,104.77,101.69846153846152,105.57485939517618,97.82206368174685
2007-03-09,104.84,101.7430769230769,105.6564506340003,97.8297032121535
2007-03-16,104.56,101.78509615384611,105.72487387680843,97.8453184308838
2007-03-23,104.69,101.83240384615381,105.79255829562062,97.872249396687
2007-03-30,104.88,101.88403846153841,105.86188831664303,97.90618860643379
2007-04-05,104.91,101.93951923076919,105.92374188198123,97.95529657955716
2007-04-13,104.75,101.98961538461533,105.98299040616487,97.9962403630658
2007-04-20,104.68,102.03980769230765,106.0359883745106,98.0436270101047
2007-04-27,104.45,102.08615384615382,106.08125794476975,98.0910497475379
2007-05-04,103.99,102.12490384615383,106.11489131012678,98.13491638218088
2007-05-11,104.17,102.16894230769229,106.14701318550352,98.19087142988106
2007-05-18,103.83,102.21048076923074,106.16657316294896,98.25438837551252
2007-05-25,103.31,102.24615384615382,106.17398168301982,98.31832600928782
2007-06-01,103.3,102.28403846153842,106.17526884996002,98.39280807311681
2007-06-08,103.09,102.31884615384612,106.17299717057456,98.46469513711769
2007-06-15,103.04,102.35528846153844,106.16364407511566,98.54693284796122
2007-06-22,103.05,102.39115384615381,106.1540429527687,98.62826473953892
2007-06-29,103.2,102.4307692307692,106.13922264646331,98.72231581507509
2007-07-06,103.66,102.47644230769228,106.12630403484535,98.82658058053921
2007-07-13,103.78,102.52134615384612,106.11845940603453,98.92423290165772
2007-07-20,103.63,102.56086538461535,106.11485191755673,99.00687885167397
2007-07-27,103.89,102.59673076923073,106.12807330917666,99.0653882292848
2007-08-03,103.79,102.6295192307692,106.14100095802333,99.11803750351508
2007-08-10,103.91,102.66355769230766,106.15515194610667,99.17196343850866
2007-08-17,103.66,102.69932692307688,106.15425868941979,99.24439515673397
2007-08-24,103.9,102.73971153846149,106.15095674200357,99.32846633491941
2007-08-31,103.89,102.7836538461538,106.134180317108,99.43312737519959
2007-09-07,103.67,102.82711538461534,106.10372228819728,99.5505084810334
2007-09-14,103.84,102.87249999999995,106.07155902427256,99.67344097572733
2007-09-21,103.99,102.91798076923071,106.04325187024266,99.79270966821876
2007-09-28,104.34,102.96759615384609,106.01608518934472,99.91910711834745
2007-10-05,105.22,103.02586538461532,106.01142624890655,100.04030452032409
2007-10-12,105.92,103.08961538461531,106.03587307090127,100.14335769832935
2007-10-19,106.04,103.15519230769225,106.05684765148028,100.25353696390421
2007-10-26,106.03,103.22038461538456,106.07189952269623,100.36886970807289
2007-11-02,106.29,103.28874999999995,106.08950258610025,100.48799741389965
2007-11-09,106.33,103.35682692307688,106.10477763619684,100.60887620995692
2007-11-16,106.17,103.42288461538458,106.10650291341682,100.73926631735233
2007-11-23,106.37,103.48749999999997,106.12747021165968,100.84752978834025
2007-11-30,106.51,103.55173076923074,106.15711942302991,100.94634211543158
2007-12-07,106.34,103.61153846153843,106.18411945441375,101.03895746866311
2007-12-14,106.58,103.67182692307689,106.22572402423236,101.11792982192142
2007-12-21,106.16,103.72403846153844,106.25696496150323,101.19111196157365
2007-12-28,106.58,103.7782692307692,106.3119605665318,101.2445778950066
2008-01-04,106.87,103.83374999999998,106.38322196132017,101.28427803867979
2008-01-11,106.85,103.88528846153844,106.45998528672052,101.31059163635635
2008-01-18,106.62,103.93355769230767,106.52339731439146,101.34371807022389
2008-01-25,106.43,103.97701923076922,106.58137089868225,101.37266756285618
2008-02-01,107.08,104.02951923076921,106.66194936029981,101.3970891012386
2008-02-06,107.17,104.08105769230768,106.74764041985853,101.41447496475683
2008-02-15,107.24,104.13384615384614,106.83123692141295,101.43645538627932
2008-02-22,107.29,104.18548076923076,106.91708491375732,101.45387662470421
2008-02-29,107.4,104.23692307692308,107.00733130722313,101.46651484662303
2008-03-07,107.42,104.29105769230767,107.08824895799783,101.49386642661752
2008-03-14,107.6,104.34442307692308,107.18043124775733,101.50841490608883
2008-03-20,107.44,104.39471153846155,107.26315106109425,101.52627201582885
2008-03-28,107.57,104.44673076923078,107.34752870740627,101.5459328310553
2008-04-04,107.75,104.49932692307692,107.43954587592208,101.55910797023176
2008-04-11,108.37,104.55778846153846,107.56167844017274,101.55389848290419
2008-04-18,109.54,104.62509615384616,107.75733502580557,101.49285728188674
2008-04-25,109.79,104.69413461538463,107.96062301884227,101.42764621192698
2008-05-02,109.72,104.76221153846154,108.14870092181201,101.37572215511108
2008-05-09,109.77,104.82971153846155,108.33207740373393,101.32734567318917
2008-05-16,109.58,104.89788461538463,108.49114548462158,101.30462374614767
2008-05-23,109.96,104.96711538461538,108.66979211051591,101.26443865871485
2008-05-30,110.04,105.03490384615385,108.8478862633859,101.2219214289218
2008-06-06,110.15,105.10413461538461,109.02417980095505,101.18408942981416
2008-06-13,110.02,105.17240384615386,109.18502712696811,101.1597805653396
2008-06-20,110.26,105.24259615384616,109.35311308936994,101.13207921832239
2008-06-27,110.34,105.31355769230771,109.51864284159741,101.10847254301801
2008-07-04,110.48,105.38480769230772,109.68635943830084,101.0832559463146
2008-07-11,110.38,105.45346153846155,109.84375424536437,101.06316883155874
2008-07-18,110.59,105.5242307692308,110.00609124656813,101.04237029189346
2008-07-25,110.43,105.59288461538463,110.15455155059465,101.03121768017462
2008-08-01,110.04,105.65788461538463,110.27871013998077,101.03705909078849
2008-08-08,109.53,105.71634615384617,110.37801722194303,101.05467508574932
2008-08-15,108.73,105.76721153846155,110.44398368623476,101.09043939068835
2008-08-22,108.83,105.81769230769231,110.512415005559,101.12296960982562
2008-08-29,108.79,105.86663461538463,110.57828809678152,101.15498113398773
2008-09-05,108.65,105.91375000000001,110.63789922735691,101.1896007726431
2008-09-12,109.03,105.96653846153846,110.7062256981426,101.22685122493432
2008-09-19,108.81,106.02230769230769,110.7579812171758,101.28663416743959
2008-09-26,109.01,106.08028846153846,110.81317727886125,101.34739964421567
2008-10-03,108.93,106.13519230769232,110.86654690817367,101.40383770721097
2008-10-10,107.98,106.17971153846155,110.89231431258263,101.46710876434047
2008-10-17,107.82,106.21894230769232,110.91742536656625,101.52045924881838
2008-10-24,107.51,106.25298076923079,110.93692971293751,101.56903182552406
2008-10-31,108.54,106.29644230769233,110.9805894356828,101.61229517970186
2008-11-07,108.97,106.34528846153847,111.03402974354226,101.65654717953468
2008-11-14,108.1,106.3831730769231,111.06426436486139,101.70208178898481
2008-11-21,107.42,106.41451923076926,111.07911497267517,101.74992348886335
2008-11-28,108.04,106.45326923076927,111.10412566494665,101.80241279659188
2008-12-05,107.43,106.48865384615388,111.11236064111534,101.86494705119242
2008-12-12,107.71,106.52519230769234,111.12660195305413,101.92378266233054
2008-12-19,108.35,106.56615384615387,111.15583946069611,101.97646823161162
2008-12-26,109.36,106.6138461538462,111.21568648448411,102.01200582320828
2009-01-02,109.53,106.66307692307697,111.27922004222931,102.04693380392463
2009-01-09,107.89,106.69634615384619,111.29733638723235,102.09535592046004
2009-01-16,107.61,106.7267307692308,111.30950683239556,102.14395470606604
2009-01-23,107.6,106.7565384615385,111.32110930067435,102.19196762240264
2009-01-30,107.28,106.78201923076928,111.3281943048661,102.23584415667246
2009-02-06,107.5,106.80894230769235,111.33845195197314,102.27943266341155
2009-02-13,107.78,106.84105769230774,111.35004584071612,102.33206954389937
2009-02-20,107.54,106.86980769230776,111.35787686503518,102.38173851958034
2009-02-27,107.82,106.89913461538467,111.37161973989372,102.42664949087562
2009-03-06,107.43,106.92403846153852,111.37902455806528,102.46905236501175
2009-03-13,107.71,106.95432692307698,111.38717585199332,102.52147799416063
2009-03-20,107.42,106.98057692307697,111.39154896831556,102.56960487783837
2009-03-27,107.41,107.0049038461539,111.39695226153536,102.61285543077243
2009-04-03,107.42,107.02903846153852,111.40213762184554,102.6559393012315
2009-04-09,107.43,107.05480769230775,111.40519254819488,102.70442283642062
2009-04-17,107.7,107.08384615384622,111.41046038894572,102.75723191874673
2009-04-24,107.98,107.11778846153851,111.41624423007136,102.81933269300566
2009-04-30,108.25,107.15875000000005,111.41783480756919,102.89966519243092
2009-05-08,108.63,107.20163461538466,111.42887233320177,102.97439689756756
2009-05-15,108.55,107.24701923076927,111.42916610343333,103.0648723581052
2009-05-22,108.29,107.2949038461539,111.40846559407126,103.18134209823654
2009-05-29,108.53,107.34519230769237,111.38878484742013,103.30159976796462
2009-06-05,108.46,107.39682692307699,111.35725179429672,103.43640205185726
2009-06-12,108.21,107.4465384615385,111.31480695276906,103.57826997030793
2009-06-19,108.18,107.49586538461543,111.26732448839469,103.72440628083616
2009-06-26,108.14,107.54336538461543,111.21953541626203,103.86719535296882
2009-07-03,108.3,107.5879807692308,111.18558663959996,103.99037489886163
2009-07-10,107.88,107.62740384615387,111.14545272640441,104.10935496590332
2009-07-17,107.85,107.6679807692308,111.09601072209557,104.23995081636602
2009-07-24,108.46,107.7119230769231,111.06060266243158,104.36324349141462
2009-07-31,108.38,107.7560576923077,111.01577882907358,104.49633655554183
2009-08-07,108.29,107.79817307692309,110.96917244703282,104.62717370681337
2009-08-14,108.14,107.84125000000002,110.90511225893988,104.77738774106015
2009-08-21,108.0,107.8806730769231,110.84356233124763,104.91778382259858
2009-08-28,108.23,107.92240384615387,110.77861696157883,105.0661907307289
2009-09-04,108.15,107.96548076923078,110.69498996058725,105.23597157787431
2009-09-11,108.54,108.0106730769231,110.6171716983478,105.40417445549839
2009-09-18,108.58,108.05480769230772,110.53890856227997,105.57070682233547
2009-09-25,108.6,108.09576923076926,110.47055538127861,105.72098308025991
2009-10-02,108.48,108.12711538461541,110.43367281280537,105.82055795642545
2009-10-09,108.91,108.15586538461541,110.42555525792291,105.88617551130791
2009-10-16,109.09,108.18519230769233,110.4230588033943,105.94732581199037
2009-10-23,109.07,108.21442307692308,110.41774242087897,106.0111037329672
2009-10-30,109.23,108.24269230769231,110.42159597923609,106.06378863614853
2009-11-06,109.2,108.27028846153847,110.42390444398741,106.11667247908953
2009-11-13,109.22,108.29961538461538,110.4205364577967,106.17869431143406
2009-11-20,109.18,108.3266346153846,110.41968480859211,106.2335844221771
2009-11-26,109.28,108.35326923076923,110.42332470079913,106.28321376073933
2009-12-04,109.24,108.38115384615384,110.41956424471418,106.34274344759349
2009-12-11,109.22,108.40653846153845,110.41995707630942,106.39311984676748
2009-12-18,109.28,108.43653846153846,110.40728721133158,106.46578971174534
2009-12-24,109.16,108.46134615384615,110.40243794490306,106.52025436278925
2009-12-31,109.24,108.4841346153846,110.40531671624964,106.56295251451957
2010-01-08,109.29,108.50759615384615,110.40765746137718,106.60753484631512
2010-01-15,109.28,108.53317307692306,110.40196691341096,106.66437924043517
2010-01-22,109.14,108.55923076923075,110.38465359256577,106.73380794589573
2010-01-29,109.03,108.57798076923076,110.38197069409202,106.77399084436951
2010-02-05,108.71,108.59278846153845,110.37525420593774,106.81032271713916
2010-02-12,108.72,108.60701923076921,110.36938278011677,106.84465568142166
2010-02-19,109.27,108.62605769230767,110.37367614007981,106.87843924453553
2010-02-26,109.3,108.64432692307689,110.37986246209034,106.90879138406343
2010-03-05,109.38,108.66317307692303,110.38754382620091,106.93880232764515
2010-03-12,109.39,108.68038461538457,110.397614091154,106.96315513961514
2010-03-19,109.41,108.69932692307687,110.40471590168083,106.9939379444729
2010-03-26,109.3,108.71596153846147,110.41057555180754,107.0213475251154
2010-04-01,109.42,108.73201923076917,110.4213055850813,107.04273287645704
2010-04-09,109.39,108.74182692307684,110.43446492720061,107.04918891895308
2010-04-16,110.09,108.7471153846153,110.45320880009827,107.04102196913233
2010-04-23,110.88,108.75759615384605,110.50251498010728,107.01267732758483
2010-04-30,111.42,108.77394230769222,110.58583916982143,106.96204544556302
2010-05-07,111.1,108.78673076923067,110.64519749775717,106.92826404070418
2010-05-14,111.49,108.80509615384607,110.73172305721994,106.8784692504722
2010-05-21,111.11,108.81615384615377,110.78234637728194,106.8499613150256
2010-05-27,110.94,108.82480769230762,110.82045729240588,106.82915809220935
2010-06-04,111.11,108.83403846153838,110.86304657778197,106.8050303452948
2010-06-11,111.16,108.84499999999993,110.91184976744178,106.77815023255808
2010-06-18,111.66,108.85846153846146,110.98004506362113,106.73687801330178
2010-06-25,111.59,108.87048076923068,111.03959383536196,106.70136770309941
2010-07-02,110.98,108.87528846153837,111.06096283789724,106.68961408517951
2010-07-09,110.9,108.88028846153838,111.08218430262754,106.67839262044923
2010-07-16,111.35,108.88759615384608,111.11727852086918,106.65791378682297
2010-07-23,111.34,108.89634615384608,111.1573967863327,106.63529552135947
2010-07-30,111.75,108.91278846153838,111.2315619182498,106.59401500482697
2010-08-06,111.83,108.93490384615376,111.320366281538,106.54944141076952
2010-08-13,111.6,108.96249999999992,111.40413044364008,106.52086955635976
2010-08-20,111.94,108.99240384615376,111.50269411706302,106.48211357524451
2010-08-27,111.98,109.02307692307683,111.6004392790476,106.44571456710605
2010-09-03,112.25,109.05769230769222,111.71041573809676,106.40496887728769
2010-09-09,112.37,109.0898076923076,111.82089159217595,106.35872379243925
2010-09-17,112.51,109.12538461538453,111.93695836959488,106.31381086117419
2010-09-24,112.55,109.15942307692299,112.04996047033502,106.26888568351096
2010-10-01,112.62,109.19490384615376,112.16359875759744,106.22620893471009
2010-10-08,112.64,109.23971153846145,112.27428571627242,106.20513736065048
2010-10-15,112.81,109.28769230769223,112.38867521578375,106.1867093996007
2010-10-22,112.96,109.34009615384606,112.50332234915183,106.1768699585403
2010-10-29,113.41,109.38692307692297,112.64507441043003,106.12877174341591
2010-11-04,113.71,109.43249999999989,112.79794144452316,106.06705855547662
2010-11-12,113.87,109.48798076923066,112.9534569673988,106.02250457106253
2010-11-19,113.77,109.54903846153836,113.09028887887789,106.00778804419883
2010-11-26,113.5,109.60153846153835,113.21361611902917,105.98946080404754
2010-12-03,113.66,109.6614423076922,113.33419838852384,105.98868622686055
2010-12-10,113.57,109.71778846153835,113.44896798480072,105.98660893827598
2010-12-17,113.53,109.76759615384604,113.56277909474653,105.97241321294555
2010-12-24,113.63,109.80865384615373,113.67769758811792,105.93961010418954
2010-12-31,114.27,109.85423076923065,113.82046954637856,105.88799199208275
2011-01-07,114.44,109.91721153846143,113.9646635301599,105.86975954676296
2011-01-14,114.51,109.98355769230758,114.1038168209958,105.86329856361937
2011-01-21,114.54,110.05028846153836,114.23886511969093,105.86171180338579
2011-01-28,114.77,110.12230769230759,114.37557255433627,105.8690428302789
2011-02-02,114.8,110.19249999999988,114.51141819428685,105.87358180571292
2011-02-11,114.89,110.26086538461526,114.65006847532344,105.87166229390708
2011-02-18,114.97,110.33230769230755,114.78407049861873,105.88054488599637
2011-02-25,114.82,110.39961538461525,114.90925978372631,105.88997098550418
2011-03-04,115.09,110.47326923076909,115.03691573930021,105.90962272223797
2011-03-11,115.13,110.54461538461524,115.16542935324107,105.92380141598942
2011-03-18,114.49,110.612596153846,115.25572114370013,105.96947116399187
2011-03-25,114.99,110.68548076923062,115.3634056928213,106.00755584563994
2011-04-01,115.36,110.76182692307678,115.48347034638712,106.04018349976644
2011-04-08,115.32,110.83769230769215,115.59651914425126,106.07886547113304
2011-04-15,115.61,110.91374999999985,115.7226165580182,106.1048834419815
2011-04-21,116.3,110.99374999999985,115.88167066697203,106.10582933302767
2011-04-29,116.45,111.072596153846,116.045567756883,106.09962455080901
2011-05-06,116.21,111.14548076923062,116.19545693359558,106.09550460486565
2011-05-13,116.38,111.22076923076908,116.34735078058061,106.09418768095755
2011-05-20,116.31,111.29788461538445,116.48730527487932,106.10846395588958
2011-05-27,116.34,111.37298076923061,116.62627368369108,106.11968785477013
2011-06-03,116.64,111.45163461538445,116.77327981729135,106.12998941347755
2011-06-10,116.56,111.53192307692292,116.90772074773172,106.15612540611413
2011-06-17,116.68,111.61365384615368,117.04183279140783,106.18547490089954
2011-06-24,116.81,111.69701923076907,117.17580435569604,106.2182341058421
2011-07-01,116.89,111.77961538461523,117.31031622896909,106.24891454026137
2011-07-08,117.34,111.87057692307677,117.45317180771754,106.287982038436
2011-07-15,117.8,111.96624999999985,117.61124688271273,106.32125311728696
2011-07-22,118.05,112.05846153846139,117.78485471306571,106.33206836385706
2011-07-29,118.19,112.15278846153832,117.95711390371494,106.3484630193617
2011-08-05,118.06,112.24673076923061,118.11445948898383,106.37900204947739
2011-08-12,118.03,112.34182692307678,118.26108675900569,106.42256708714787
2011-08-19,118.11,112.43903846153832,118.40221577271433,106.4758611503623
2011-08-26,118.21,112.53499999999985,118.54562812736313,106.52437187263658
2011-09-02,118.27,112.63230769230755,118.68375138157997,106.58086400303513
2011-09-09,118.32,112.72634615384601,118.82472222779977,106.62797007989225
2011-09-16,116.7,112.80442307692293,118.89631221074947,106.71253394309639
2011-09-23,114.57,112.86182692307678,118.90602835799143,106.81762548816212
2011-09-30,113.6,112.91105769230755,118.89420873942233,106.92790664519278
2011-10-07,113.0,112.95038461538448,118.88085418410043,107.01991504666853
2011-10-14,114.22,112.9997115384614,118.88566945835993,107.11375361856287
2011-10-21,114.8,113.05480769230755,118.8993258147586,107.2102895698565
2011-10-28,115.0,113.11028846153832,118.91759250441973,107.3029844186569
2011-11-04,114.88,113.16490384615369,118.93036646297587,107.39944122933152
2011-11-11,113.82,113.20913461538446,118.92271177559333,107.49555745517559
2011-11-18,113.26,113.24836538461523,118.90596246662447,107.59076830260598
2011-11-25,112.83,113.28249999999983,118.8859744769299,107.67902552306975
2011-12-02,113.74,113.32576923076907,118.87237718032651,107.77916128121163
2011-12-09,113.88,113.37057692307675,118.85820171347504,107.88295213267847
2011-12-16,113.34,113.40961538461521,118.83714601308174,107.98208475614868
2011-12-23,113.8,113.45423076923059,118.81656593097408,108.0918956074871
2011-12-30,113.71,113.49721153846136,118.79438239481655,108.20004068210616
2012-01-06,114.17,113.54413461538442,118.77684919098841,108.31142003978043
2012-01-13,114.24,113.59182692307672,118.75755924321304,108.42609460294041
2012-01-20,114.83,113.64653846153827,118.74188701177596,108.55118991130058
2012-01-27,115.93,113.71288461538441,118.74474556788228,108.68102366288655
2012-02-03,116.1,113.78394230769212,118.73858976276377,108.82929485262046
2012-02-10,116.32,113.85701923076905,118.73358246417384,108.98045599736427
2012-02-17,115.52,113.9171153846152,118.71884053825511,109.1153902309753
2012-02-24,116.09,113.98240384615367,118.71472156907076,109.25008612323658
2012-03-02,116.25,114.04846153846137,118.71261092176472,109.38431215515801
2012-03-09,116.29,114.11480769230754,118.7070696353551,109.52254574925998
2012-03-16,116.55,114.18346153846139,118.7045798546518,109.66234322227098
2012-03-23,116.59,114.25355769230754,118.69421444271309,109.81290094190199
2012-03-30,116.73,114.323846153846,118.68622308471137,109.96146922298064
2012-04-05,116.85,114.39557692307677,118.67483175969261,110.11632208646094
2012-04-13,116.89,114.46096153846139,118.68191759749514,110.24000547942764
2012-04-20,117.38,114.52346153846139,118.7227002759737,110.32422280094909
2012-04-27,117.79,114.58471153846139,118.78694853563911,110.38247454128367
2012-05-04,117.98,114.65086538461523,118.84815356191878,110.45357720731168
2012-05-11,117.64,114.70999999999984,118.90071465509205,110.51928534490763
2012-05-18,117.09,114.76749999999984,118.92266686193231,110.61233313806737
2012-05-25,116.61,114.82201923076907,118.92279006033039,110.72124840120776
2012-06-01,116.54,114.8742307692306,118.92204757723269,110.82641396122852
2012-06-08,116.4,114.92461538461522,118.91575890333536,110.93347186589509
2012-06-15,116.6,114.97211538461524,118.9237262623168,111.02050450691367
2012-06-22,117.15,115.02557692307677,118.94267593575788,111.10847791039566
2012-06-29,116.89,115.08240384615368,118.93337976099085,111.23142793131652
2012-07-06,117.57,115.1465384615383,118.93789682070647,111.35518010237013
2012-07-13,117.87,115.20923076923062,118.96247163915216,111.45598989930907
2012-07-20,118.39,115.27701923076907,119.00257503585047,111.55146342568767
2012-07-27,118.84,115.34519230769214,119.06955761442971,111.62082700095458
2012-08-03,119.3,115.41701923076906,119.15568092975899,111.67835753177913
2012-08-10,119.32,115.49124999999982,119.23038201858974,111.75211798140991
2012-08-17,119.04,115.55951923076906,119.29604103359446,111.82299742794365
2012-08-24,118.68,115.62394230769215,119.34219371661712,111.90569089876718
2012-08-31,118.44,115.68346153846139,119.38170123437236,111.98522184255042
2012-09-07,118.88,115.74605769230752,119.43815622813034,112.0539591564847
2012-09-14,119.52,115.81346153846137,119.5228647241562,112.10405835276654
2012-09-21,119.57,115.88096153846138,119.60597071338515,112.15595236353761
2012-09-28,119.34,115.94557692307674,119.67525826704912,112.21589557910437
2012-10-05,119.14,116.00807692307674,119.7318771293337,112.28427671681979
2012-10-12,119.39,116.07134615384598,119.79928116900379,112.34341113868817
2012-10-19,119.9,116.13807692307675,119.88945526075881,112.3866985853947
2012-10-25,119.92,116.20067307692291,119.98530553338266,112.41604062046316
2012-11-02,119.99,116.26105769230753,120.08537936528691,112.43673601932815
2012-11-09,119.99,116.31990384615368,120.18376528329078,112.45604240901658
2012-11-16,120.01,116.37990384615367,120.2774913451319,112.48231634717543
2012-11-23,120.1,116.44336538461522,120.36640919058124,112.5203215786492
2012-11-30,120.14,116.5056730769229,120.45591580209441,112.5554303517514
2012-12-07,120.22,116.5696153846152,120.54315204322486,112.59607872600554
2012-12-14,120.21,116.63384615384597,120.62485868585314,112.64283362183879
2012-12-21,120.3,116.69798076923058,120.70835796845739,112.68760357000377
2012-12-28,120.37,116.75663461538443,120.80187068259373,112.71139854817513
2013-01-04,120.34,116.8133653846152,120.89272532925084,112.73400543997955
2013-01-11,119.99,116.86605769230749,120.96676605476812,112.76534932984687
2013-01-18,119.92,116.91778846153827,121.0356858953748,112.79989102770173
2013-01-25,119.87,116.96682692307672,121.10285030700857,112.83080353914488
2013-02-01,119.5,117.01201923076904,121.15512287469957,112.86891558683851
2013-02-08,119.92,117.06038461538444,121.22084008249621,112.89992914827266
2013-02-15,120.22,117.1108653846152,121.29620838184971,112.92552238738068
2013-02-22,120.37,117.1642307692306,121.37306539087015,112.95539614759105
2013-03-01,120.52,117.21644230769213,121.45596134825723,112.97692326712703
2013-03-08,120.06,117.26384615384599,121.51936027650082,113.00833203119116
2013-03-15,120.23,117.31903846153828,121.57814226373988,113.05993465933669
2013-03-22,119.99,117.36711538461522,121.63291222735508,113.10131854187536
2013-03-28,120.53,117.41682692307675,121.70857404003584,113.12507980611767
2013-04-05,120.87,117.47019230769214,121.79453387002756,113.14585074535673
2013-04-12,121.05,117.52249999999982,121.88737902834164,113.157620971658
2013-04-19,121.05,117.5681730769229,121.98053502673176,113.15581112711405
2013-04-26,120.96,117.61153846153827,122.06794545105133,113.15513147202522
2013-05-03,121.07,117.65826923076905,122.15704269236056,113.15949576917754
2013-05-10,121.13,117.70394230769213,122.24653591121545,113.16134870416882
2013-05-17,120.84,117.74749999999982,122.32286565465586,113.17213434534378
2013-05-23,119.9,117.78173076923059,122.36782239992529,113.1956391385359
2013-05-31,119.7,117.81115384615367,122.40691492192677,113.21539277038057
2013-06-07,120.75,117.85144230769214,122.47627558688862,113.22660902849566
2013-06-14,120.15,117.88480769230752,122.52554832684662,113.24406705776842
2013-06-21,119.64,117.91201923076906,122.56048771626642,113.2635507452717
2013-06-28,120.01,117.94201923076906,122.6040995862804,113.27993887525773
2013-07-05,120.25,117.96999999999983,122.65237347498484,113.28762652501482
2013-07-12,120.34,117.99442307692291,122.6996565415561,113.28918961228973
2013-07-19,120.73,118.02019230769216,122.75591155019995,113.28447306518436
2013-07-26,120.5,118.04240384615369,122.80294350324682,113.28186418906056
2013-08-02,120.25,118.06346153846138,122.84364942869018,113.28327364823258
2013-08-07,120.49,118.08711538461522,122.89092186324366,113.28330890598677
2013-08-16,120.5,118.11009615384599,122.93715539665133,113.28303691104064
2013-08-23,119.97,118.12701923076906,122.96781422269613,113.286224238842
2013-08-30,120.4,118.14749999999982,123.00871863342518,113.28628136657447
2013-09-06,120.87,118.17201923076907,123.06238811300604,113.2816503485321
2013-09-13,121.14,118.21471153846136,123.13063372316734,113.29878935375538
2013-09-20,121.61,118.28240384615368,123.18949995237462,113.37530773993275
2013-09-27,121.52,118.35855769230753,123.21775369298348,113.49936169163158
2013-10-04,121.6,118.44124999999984,123.22425038871684,113.65824961128284
2013-10-11,121.55,118.51173076923061,123.25939811046176,113.76406342799946
2013-10-18,121.88,118.57980769230753,123.3155433356543,113.84407204896075
2013-10-25,121.76,118.64480769230752,123.3676478619651,113.92196752264995
2013-11-01,121.89,118.71221153846137,123.41810287339273,114.00632020353002
2013-11-08,122.18,118.792596153846,123.44628953637582,114.1389027713162
2013-11-15,122.32,118.87971153846138,123.45362614299655,114.3057969339262
2013-11-22,122.37,118.97144230769216,123.43669492301157,114.50618969237274
2013-11-29,122.29,119.05365384615371,123.44410160419363,114.66320608811378
2013-12-06,122.17,119.13336538461525,123.44474982703363,114.82198094219686
2013-12-13,122.26,119.21913461538449,123.41848556900656,115.01978366176242
2013-12-20,122.01,119.2980769230768,123.3933662623347,115.20278758381892
2013-12-27,121.84,119.37624999999989,123.34927866792287,115.4032213320769
2014-01-03,121.74,119.44903846153835,123.31270493213187,115.58537199094484
2014-01-10,121.6,119.51980769230758,123.2659544305757,115.77366095403946
2014-01-17,121.4,119.58298076923066,123.22998446537534,115.93597707308598
2014-01-24,121.06,119.63230769230758,123.21801635961073,116.04659902500443
2014-01-30,121.36,119.6828846153845,123.21535444425513,116.15041478651386
2014-02-07,121.74,119.73499999999989,123.22678008404893,116.24321991595085
2014-02-14,121.78,119.79519230769219,123.20845368776769,116.3819309276167
2014-02-21,121.69,119.84903846153836,123.20238429886663,116.49569262421008
2014-02-28,121.45,119.89903846153835,123.19013798475505,116.60793893832165
2014-03-07,121.1,119.94528846153835,123.16598362467522,116.72459329840149
2014-03-14,121.06,119.98865384615374,123.14552713974773,116.83178055255975
2014-03-21,121.01,120.03115384615374,123.12154020173429,116.9407674905732
2014-03-28,121.4,120.07605769230759,123.10787270609741,117.04424267851776
2014-04-04,121.78,120.12346153846144,123.1053079322882,117.14161514463468
2014-04-11,122.09,120.17346153846144,123.11037593435466,117.23654714256821
2014-04-17,122.14,120.21923076923068,123.12855116805144,117.30991037040991
2014-04-25,122.09,120.26057692307683,123.15263209574469,117.36852175040896
2014-05-02,122.15,120.30067307692298,123.18062893476424,117.42071721908171
2014-05-09,122.36,120.3460576923076,123.2053581950915,117.48675718952369
2014-05-16,122.23,120.39548076923067,123.20472332313808,117.58623821532326
2014-05-23,122.06,120.44788461538451,123.17402655739683,117.72174267337219
2014-05-30,122.05,120.50086538461527,123.13280823904232,117.86892253018821
2014-06-06,122.19,120.55653846153835,123.08088325855842,118.03219366451829
2014-06-13,122.46,120.61288461538449,123.04028431577883,118.18548491499014
2014-06-20,122.54,120.66471153846143,123.02266680987974,118.30675626704313
2014-06-27,122.59,120.71951923076912,122.98633065167442,118.45270780986382
2014-07-04,122.44,120.76634615384606,122.9707302369819,118.56196207071022
2014-07-11,122.6,120.81182692307682,122.96954553925688,118.65410830689676
2014-07-18,122.91,120.85528846153836,122.99802232317762,118.71255459989911
2014-07-25,122.94,120.89471153846145,123.03855973757553,118.75086333934738
2014-08-01,122.8,120.92836538461529,123.08097429724148,118.7757564719891
2014-08-08,122.72,120.96105769230759,123.11827977920811,118.80383560540707
2014-08-15,122.57,120.99499999999989,123.14119826444671,118.84880173555307
2014-08-22,122.63,121.03298076923065,123.15336520004786,118.91259633841344
2014-08-29,122.7,121.07394230769219,123.15626442125647,118.99162019412792
2014-09-05,122.74,121.11105769230758,123.17294281010822,119.04917257450694
2014-09-12,122.61,121.14076923076912,123.1991061828347,119.08243227870355
2014-09-19,122.88,121.17259615384604,123.23519512742017,119.10999718027192
2014-09-26,123.04,121.20817307692298,123.27074525639757,119.14560089744838
2014-10-03,123.15,121.24673076923067,123.30306824731463,119.1903932911467
2014-10-10,122.97,121.28115384615374,123.33180812525373,119.23049956705376
2014-10-17,122.9,121.30999999999989,123.36657836299278,119.253421637007
2014-10-24,122.8,121.3376923076922,123.39623591723904,119.27914869814535
2014-10-31,122.81,121.36480769230758,123.4259431711903,119.30367221342486
2014-11-07,122.78,121.3916346153845,123.45312641301292,119.33014281775608
2014-11-14,123.03,121.42067307692297,123.48863162080924,119.35271453303669
2014-11-21,122.71,121.44576923076912,123.51234407595699,119.37919438558124
2014-11-28,122.76,121.47096153846142,123.53712447385706,119.40479860306579
2014-12-05,122.78,121.49557692307683,123.56254473542674,119.42860911072691
2014-12-12,122.84,121.52086538461529,123.58866213070658,119.453068638524
2014-12-19,123.41,121.55076923076915,123.6371256353832,119.4644128261551
2014-12-26,122.94,121.57548076923068,123.66622761365313,119.48473392480822
2015-01-02,122.8,121.59913461538453,123.68909045749717,119.50917877327188
2015-01-09,122.62,121.624423076923,123.69933250655463,119.54951364729136
2015-01-16,122.65,121.65067307692298,123.70748985478122,119.59385629906475
2015-01-23,122.79,121.67874999999991,123.7170296620205,119.64047033797932
2015-01-30,122.3,121.70567307692298,123.7012424692085,119.71010368463746
2015-02-06,122.01,121.72576923076915,123.69056758216234,119.76097087937595
2015-02-13,121.61,121.73913461538453,123.68134456790018,119.79692466286888
2015-02-18,121.55,121.75048076923068,123.67408454695526,119.8268769915061
2015-02-27,121.71,121.76192307692297,123.67006012788448,119.85378602596145
2015-03-06,121.51,121.77586538461529,123.65474257582575,119.89698819340482
2015-03-13,121.31,121.7862499999999,123.64242037112058,119.93007962887921
2015-03-20,121.1,121.79692307692298,123.62391397539955,119.96993217844641
2015-03-27,121.6,121.80721153846144,123.61736082530264,119.99706225162025
2015-04-02,122.07,121.8187499999999,123.62004767140105,120.01745232859874
2015-04-10,122.71,121.83471153846143,123.6379146361533,120.03150844076957
2015-04-17,123.02,121.85365384615375,123.66493469466887,120.04237299763862
2015-04-24,123.5,121.87807692307683,123.70908084299803,120.04707300315563
2015-04-30,124.54,121.91144230769223,123.8082550012254,120.01462961415905
2015-05-08,124.14,121.94038461538454,123.88040347842983,120.00036575233926
2015-05-15,124.21,121.97278846153837,123.95078088641894,119.9947960366578
2015-05-22,124.17,122.01384615384607,123.99532997109594,120.03236233659621
2015-05-29,123.91,122.05432692307683,124.01681744384054,120.09183640231312
2015-06-05,123.95,122.08509615384607,124.06525598890791,120.10493631878423
2015-06-12,123.96,122.12173076923068,124.09826975140271,120.14519178705865
2015-06-19,124.51,122.16855769230762,124.13837345082521,120.19874193379002
2015-06-26,124.71,122.2137499999999,124.19914949760069,120.22835050239912
2015-07-03,124.31,122.25278846153836,124.24189560716142,120.26368131591529
2015-07-10,124.38,122.29163461538451,124.2876541700879,120.29561506068111
2015-07-16,123.89,122.32201923076913,124.31823386173953,120.32580459979873
2015-07-24,123.67,122.35249999999989,124.3330966542486,120.37190334575118
2015-07-31,123.67,122.38538461538451,124.33836575325923,120.4324034775098
2015-08-06,123.11,122.41057692307683,124.33215157454767,120.489002271606
2015-08-14,122.45,122.42932692307683,124.3132935387939,120.54536030735976
2015-08-21,122.7,122.45557692307685,124.27615578530789,120.6349980608458
2015-08-28,122.85,122.47913461538454,124.2551454405509,120.70312379021817
2015-09-04,122.26,122.49249999999992,124.24029917089251,120.74470082910733
2015-09-10,122.46,122.50519230769223,124.23237303034934,120.77801158503512
2015-09-18,123.57,122.52403846153837,124.2545381800024,120.79353874307434
2015-09-25,122.71,122.53548076923067,124.25486851262187,120.81609302583948
2015-10-02,122.32,122.54240384615375,124.25235074862937,120.83245694367812
2015-10-09,122.01,122.54682692307682,124.24876702544506,120.84488682070858
2015-10-16,123.03,122.55788461538454,124.25726810857654,120.85850112219254
2015-10-23,123.72,122.57673076923068,124.2838317406694,120.86962979779196
2015-10-30,123.67,122.59384615384607,124.308813520731,120.87887878696115
2015-11-06,123.47,122.6062499999999,124.32777605027418,120.88472394972563
2015-11-13,122.97,122.6124999999999,124.33454834004796,120.89045165995184
2015-11-20,123.25,122.62096153846143,124.34684112393818,120.89508195298468
2015-11-27,123.5,122.63259615384604,124.36576317518275,120.89942913250933
2015-12-04,123.87,122.6489423076922,124.39649520039565,120.90138941498874
2015-12-11,123.94,122.66509615384605,124.42910966059836,120.90108264709374
2015-12-18,123.88,122.68307692307681,124.45820842795814,120.90794541819548
2015-12-24,124.0,122.70384615384604,124.48965060436682,120.91804170332527
2015-12-31,123.52,122.72096153846142,124.50357338733927,120.93834968958357
2016-01-08,122.68,122.73134615384605,124.5001130606066,120.9625792470855
2016-01-15,122.38,122.74076923076912,124.49123700139721,120.99030146014103
2016-01-22,122.51,122.75471153846144,124.47393004851568,121.03549302840719
2016-01-29,122.71,122.76769230769219,124.46462095703244,121.07076365835194
2016-02-05,122.92,122.77903846153835,124.46395157153121,121.09412535154549
2016-02-12,123.78,122.79826923076911,124.48278337480134,121.11375508673687
2016-02-19,123.14,122.81221153846141,124.48362964860186,121.14079342832096
2016-02-26,123.5,122.83192307692295,124.48672738454233,121.17711876930356
2016-03-04,123.98,122.85961538461524,124.49362272397737,121.22560804525311
2016-03-11,124.34,122.89115384615371,124.51143143880495,121.27087625350248
2016-03-18,124.79,122.92749999999987,124.54693235890667,121.30806764109306
2016-03-24,124.83,122.96048076923064,124.59391869423514,121.32704284422614
2016-04-01,125.05,122.99192307692293,124.65912601778841,121.32472013605745
2016-04-08,124.85,123.0184615384614,124.71528385521528,121.32163922170751
2016-04-15,124.52,123.04134615384602,124.75443694530227,121.32825536238977
2016-04-22,124.97,123.06903846153833,124.81285309325229,121.32522382982437
2016-04-29,125.09,123.09730769230757,124.87592334417528,121.31869204043986
2016-05-06,124.6,123.11884615384602,124.91556010733058,121.32213220036147
2016-05-13,124.08,123.13663461538448,124.93443826046223,121.33883097030673
2016-05-20,124.16,123.15682692307679,124.95296358496161,121.36069026119198
2016-05-27,124.3,123.1784615384614,124.97495600892361,121.3819670679992
2016-06-03,124.7,123.20259615384603,125.01284528157201,121.39234702612005
2016-06-10,125.35,123.23038461538451,125.08282865425014,121.37794057651888
2016-06-17,125.82,123.26192307692295,125.17750471827155,121.34634143557436
2016-06-24,126.09,123.2955769230768,125.28503618888318,121.3061176572704
2016-07-01,126.07,123.33048076923063,125.38560343310779,121.27535810535348
2016-07-08,126.13,123.36442307692293,125.48633616670637,121.2425099871395
2016-07-15,126.15,123.39557692307677,125.58462082826615,121.2065330178874
2016-07-22,126.06,123.42557692307676,125.67411271750984,121.17704112864368
2016-07-29,125.95,123.45586538461524,125.75466813012436,121.15706263910612
2016-08-05,126.17,123.48903846153833,125.84384188826387,121.13423503481279
2016-08-12,125.78,123.51990384615372,125.90994060127717,121.12986709103028
2016-08-19,125.53,123.54778846153835,125.96342354735715,121.13215337571954
2016-08-26,124.89,123.56884615384602,125.99279992907223,121.14489237861982
2016-09-02,124.76,123.58826923076911,126.01776507093193,121.1587733906063
2016-09-09,125.16,123.61278846153833,126.05385214300286,121.1717247800738
2016-09-16,124.75,123.63076923076912,126.07757446670664,121.1839639948316
2016-09-23,124.9,123.64865384615372,126.10519029447059,121.19211739783685
2016-09-30,124.46,123.66124999999987,126.12089191490168,121.20160808509806
2016-10-07,124.26,123.67365384615371,126.13222720735217,121.21508048495525
2016-10-14,124.25,123.68663461538449,126.14296483350066,121.23030439726833
2016-10-21,123.74,123.69567307692296,126.14573630483956,121.24560984900636
2016-10-28,123.75,123.70471153846142,126.14850606803846,121.26091700888439
2016-11-04,123.81,123.71461538461526,126.15161325615055,121.27761751307996
2016-11-11,123.52,123.71932692307679,126.152871246924,121.28578259922959
2016-11-18,123.83,123.73009615384603,126.15549972582286,121.3046925818692
2016-11-25,124.01,123.74211538461526,126.16048147522224,121.32374929400828
2016-12-02,124.15,123.75528846153833,126.16740505492105,121.34317186815561
2016-12-09,124.29,123.76923076923065,126.17673794763485,121.36172359082644
2016-12-16,124.06,123.77548076923064,126.18259624044047,121.3683652980208
2016-12-23,123.79,123.78365384615373,126.18507746550526,121.38223022680219
2016-12-30,123.61,123.7914423076922,126.18522295198532,121.39766166339906
2017-01-06,124.0,123.80471153846142,126.18754000660931,121.42188307031353
2017-01-13,124.05,123.81817307692296,126.1904494642106,121.44589668963532
2017-01-20,124.11,123.83086538461527,126.19503499491316,121.46669577431737
2017-01-27,124.13,123.84846153846141,126.19377832495411,121.5031447519687
2017-02-03,124.4,123.87144230769218,126.1906946449898,121.55218997039455
2017-02-10,124.18,123.89615384615371,126.17245694282803,121.61985074947938
2017-02-17,124.08,123.92048076923064,126.14909325901033,121.69186827945094
2017-02-24,124.51,123.94740384615373,126.13544547653437,121.7593622157731
2017-03-03,125.2,123.9828846153845,126.13059447823709,121.83517475253193
2017-03-10,125.09,124.01923076923066,126.11147199297618,121.92698954548514
2017-03-17,125.12,124.05788461538451,126.07965289473374,122.03611633603528
2017-03-24,125.13,124.09182692307681,126.06487594480664,122.11877790134697
2017-03-31,125.26,124.12249999999989,126.06758841240354,122.17741158759624
2017-04-07,125.21,124.14653846153836,126.0828963062539,122.21018061682281
2017-04-13,125.08,124.16634615384604,126.09830136387568,122.2343909438164
2017-04-21,124.95,124.18028846153835,126.11374947966536,122.24682744341135
2017-04-28,124.92,124.18394230769219,126.1215805824155,122.24630403296888
2017-05-05,124.67,124.18903846153836,126.12899646175313,122.24908046132359
2017-05-12,124.19,124.18884615384606,126.12879972689866,122.24889258079345
2017-05-19,124.6,124.19298076923067,126.13460431129981,122.25135722716153
2017-05-26,124.84,124.201923076923,126.14684642016336,122.25699973368263
2017-06-02,124.83,124.21038461538453,126.15853568921094,122.26223354155812
2017-06-09,124.69,124.21740384615376,126.16717106192509,122.26763663038243
2017-06-16,124.83,124.22048076923069,126.17312076420953,122.26784077425185
2017-06-23,124.73,124.22067307692299,126.17351171665462,122.26783443719137
2017-06-30,124.9,124.22634615384608,126.18365569561475,122.26903661207741
2017-07-07,125.15,124.23374999999993,126.19921530967177,122.26828469032809
2017-07-14,125.2,124.24634615384609,126.21968900330788,122.2730033043843
2017-07-21,125.47,124.26365384615377,126.24812375937329,122.27918393293426
2017-07-28,125.68,124.2829807692307,126.28318829207853,122.28277324638287
2017-08-04,125.48,124.30576923076916,126.30600551256208,122.30553294897624
2017-08-11,125.13,124.33153846153837,126.30407567589329,122.35900124718346
2017-08-18,125.13,124.35490384615375,126.30684685661416,122.40296083569334
2017-08-25,125.12,124.37673076923066,126.31139853341091,122.44206300505041
2017-08-31,125.13,124.40432692307681,126.29850146609843,122.51015238005519
2017-09-08,125.14,124.43009615384605,126.29004812148142,122.57014418621068
2017-09-15,125.33,124.44701923076913,126.30739163280674,122.58664682873152
2017-09-22,125.47,124.4735576923076,126.31247235379054,122.63464303082465
2017-09-29,125.52,124.50432692307683,126.30438250889985,122.70427133725381
2017-10-06,125.35,124.53644230769221,126.2748869160962,122.79799769928823
2017-10-13,125.44,124.55961538461528,126.28112504740342,122.83810572182715
2017-10-20,125.52,124.576923076923,126.3005320180566,122.85331413578939
2017-10-27,125.4,124.5935576923076,126.31520720226303,122.87190818235217
2017-11-03,125.61,124.61413461538453,126.33269940512879,122.89556982564027
2017-11-10,125.56,124.63903846153838,126.33630872964137,122.94176819343538
2017-11-17,125.57,124.66134615384607,126.34581791327655,122.97687439441559
2017-11-24,125.66,124.6821153846153,126.36201291519504,123.00221785403556
2017-12-01,125.72,124.69990384615375,126.38424289187472,123.01556480043277
2017-12-08,125.67,124.71653846153836,126.40473338249444,123.02834354058228
2017-12-15,125.64,124.73346153846144,126.42307290121956,123.04385017570333
2017-12-22,125.74,124.7501923076922,126.44492195826426,123.05546265712015
2017-12-29,125.84,124.7724999999999,126.46289950469283,123.08210049530696
2018-01-05,126.0,124.80442307692297,126.46026375901783,123.14858239482811
2018-01-12,125.71,124.8364423076922,126.43057211754588,123.24231249783851
2018-01-19,125.59,124.86605769230758,126.39888911838197,123.33322626623318
2018-01-26,125.66,124.89442307692298,126.37438063844222,123.41446551540373
2018-02-02,125.35,124.91778846153836,126.34773165203072,123.48784527104601
2018-02-09,124.82,124.92778846153836,126.3400316176269,123.5155453054498
2018-02-15,125.06,124.94624999999989,126.31358654355107,123.57891345644872
2018-02-23,125.12,124.96182692307683,126.29920231076251,123.62445153539115
2018-03-02,125.14,124.97298076923067,126.29656190677461,123.64939963168673
2018-03-09,125.36,124.98278846153836,126.30253676568123,123.6630401573955
2018-03-16,125.7,124.99153846153837,126.31817306560075,123.66490385747599
2018-03-23,125.53,124.99826923076914,126.32869128895402,123.66784717258426
2018-03-29,125.71,125.00461538461529,126.3423106147714,123.66692015445918
2018-04-06,125.62,125.01201923076914,126.3547721768706,123.66926628466769
2018-04-13,125.74,125.02374999999991,126.37045309397817,123.67704690602164
2018-04-20,125.79,125.03163461538453,126.38664290348513,123.67662632728394
2018-04-27,125.54,125.03596153846146,126.39459168590786,123.67733139101507
2018-05-04,125.63,125.0458653846153,126.40667499680472,123.68505577242587
2018-05-11,125.39,125.05846153846144,126.40736190106419,123.7095611758587
2018-05-18,125.56,125.07192307692299,126.41252742383756,123.73131873000841
2018-05-25,125.68,125.08519230769222,126.42225177009632,123.74813284528813
2018-06-01,125.89,125.09663461538452,126.4407295339605,123.75253969680853
2018-06-08,126.05,125.10336538461527,126.45954107727647,123.74718969195408
2018-06-14,126.18,125.10682692307682,126.4721968595812,123.74145698657244
2018-06-22,125.3,125.09923076923066,126.45123379189495,123.74722774656637
2018-06-29,125.23,125.09115384615373,126.42970343852308,123.75260425378438
2018-07-06,125.45,125.08461538461529,126.40924077025369,123.75998999897689
2018-07-13,125.87,125.08192307692299,126.39891900227487,123.76492715157111
2018-07-20,125.94,125.08076923076916,126.39451047499821,123.76702798654011
2018-07-27,126.2,125.083173076923,126.40423256472288,123.76211358912313
2018-08-03,126.28,125.0842307692307,126.4089756754286,123.75948586303281
2018-08-10,126.32,125.089423076923,126.42932838274072,123.74951777110527
2018-08-17,126.28,125.09663461538454,126.45407541301581,123.73919381775328
2018-08-24,126.33,125.11048076923069,126.48862749105884,123.73233404740255
2018-08-31,126.3,125.12528846153837,126.52120471555577,123.72937220752098
2018-09-07,126.01,125.13346153846146,126.5401108498811,123.72681222704182
2018-09-14,126.15,125.146923076923,126.56549634329092,123.72834981055509
2018-09-21,126.38,125.16115384615377,126.59928183023963,123.7230258620679
2018-09-28,126.73,125.18298076923068,126.64680440923028,123.71915712923108
2018-10-05,126.41,125.20365384615376,126.67553675015019,123.73177094215733
2018-10-12,126.27,125.22307692307685,126.69744320636488,123.74871063978881
2018-10-19,126.53,125.24990384615377,126.71679275451896,123.78301493778858
2018-10-26,126.76,125.27884615384609,126.74498779840573,123.81270450928645
2018-11-02,126.74,125.30701923076916,126.77176846822707,123.84226999331125
2018-11-09,126.85,125.3390384615384,126.79155023108021,123.88652669199658
2018-11-16,126.76,125.36721153846148,126.81516277063562,123.91926030628733
2018-11-23,126.93,125.3952884615384,126.85017365497961,123.94040326809719
2018-11-30,126.94,125.42211538461532,126.88711592626557,123.95711484296508
2018-12-07,127.03,125.44846153846149,126.92969369213789,123.96722938478509
2018-12-14,127.05,125.47721153846148,126.96565102031593,123.98877205660702
2018-12-21,127.06,125.50865384615378,126.99128613582592,124.02602155648164
2018-12-28,126.87,125.53999999999994,126.99815150971119,124.08184849028868
2019-01-04,127.13,125.57009615384608,127.02907703288723,124.11111527480493
2019-01-11,127.26,125.60096153846146,127.06586623859172,124.1360568383312
2019-01-18,127.23,125.63096153846146,127.10032906433607,124.16159401258686
2019-01-25,127.19,125.66038461538454,127.13091037323838,124.18985885753071
2019-02-01,127.29,125.68817307692302,127.17167134195263,124.20467481189341
2019-02-08,127.13,125.71653846153839,127.19637516004614,124.23670176303064
2019-02-15,127.26,125.74711538461533,127.22178348439634,124.27244728483431
2019-02-22,127.37,125.77461538461533,127.26271425146575,124.28651651776491
2019-03-01,127.44,125.79615384615379,127.31518344874992,124.27712424355765
2019-03-08,127.27,125.81711538461533,127.35681318141921,124.27741758781146
2019-03-15,127.35,125.83855769230763,127.4009890022341,124.27612638238116
2019-03-22,127.52,125.86153846153842,127.45193383091974,124.27114309215709
2019-03-29,127.45,125.88259615384611,127.49861065728074,124.26658165041148
2019-04-05,127.53,125.90490384615381,127.54725592504532,124.26255176726231
2019-04-12,127.56,125.92874999999997,127.59457715103288,124.26292284896705
2019-04-18,127.61,125.95432692307689,127.64101210655706,124.26764173959673
2019-04-26,127.57,125.97980769230766,127.68336645913233,124.27624892548299
2019-05-03,127.55,126.00749999999995,127.7186802547098,124.2963197452901
2019-05-10,127.6,126.04028846153841,127.74146442655777,124.33911249651905
2019-05-17,127.45,126.06769230769227,127.76698109272498,124.36840352265956
2019-05-24,127.06,126.08903846153841,127.78180208741351,124.3962748356633
2019-05-31,126.96,126.10951923076917,127.7922709758079,124.42676748573044
2019-06-07,127.45,126.13605769230763,127.8154436602456,124.45667172436966
2019-06-14,127.55,126.16221153846148,127.8441659188613,124.48025715806166
2019-06-21,127.67,126.19048076923072,127.87404005895976,124.50692147950167
2019-06-28,127.86,126.21894230769226,127.91442784578736,124.52345676959716
2019-07-05,127.85,126.2449038461538,127.95688786566994,124.53291982663767
2019-07-12,127.82,126.2700961538461,127.99702168997975,124.54317061771245
2019-07-19,127.65,126.29105769230765,128.03162766540524,124.55048771921005
2019-07-26,127.34,126.30701923076919,128.05538519146467,124.55865327007372
2019-08-02,127.14,126.32298076923072,128.07116235943366,124.57479917902779
2019-08-08,126.91,126.3400961538461,128.07591524691296,124.60427706077924
2019-08-16,126.53,126.35355769230766,128.0731126545413,124.63400273007404
2019-08-23,126.88,126.37048076923072,128.0755853380977,124.66537620036372
2019-08-30,126.91,126.38759615384612,128.07808237148024,124.69710993621202
2019-09-06,127.07,126.40615384615381,128.08364922301467,124.72865846929297
2019-09-13,127.4,126.42605769230765,128.10110220589866,124.75101317871666
2019-09-20,127.62,126.44673076923074,128.12718018279483,124.76628135566665
2019-09-27,127.64,126.46711538461535,128.15358391429513,124.78064685493558
2019-10-04,127.53,126.48807692307689,128.17265708033582,124.80349676581794
2019-10-11,127.61,126.50894230769228,128.19484713697096,124.8230374784136
2019-10-18,128.11,126.53384615384613,128.2371776871083,124.83051462058395
2019-10-25,128.27,126.56144230769229,128.28347411343435,124.83941050195024
2019-11-01,128.21,126.58644230769227,128.32806730109849,124.84481731428606
2019-11-08,128.27,126.61249999999997,128.3730884938543,124.85191150614563
2019-11-15,128.3,126.63874999999997,128.4178709512721,124.85962904872784
2019-11-22,128.32,126.66432692307689,128.46299258692565,124.86566125922812
2019-11-29,128.16,126.68778846153843,128.50030579426556,124.8752711288113
2019-12-06,128.18,126.71192307692306,128.53650831118992,124.88733784265618
2019-12-13,128.35,126.73798076923075,128.5780765451506,124.8978849933109
2019-12-20,128.31,126.76269230769229,128.6176258621475,124.90775875323708
2019-12-27,128.38,126.78711538461536,128.65978374319153,124.9144470260392
2020-01-03,128.4,126.81019230769228,128.70273050322254,124.917654112162
2020-01-10,128.38,126.83586538461535,128.74052621996563,124.93120454926505
2020-01-17,128.41,126.86298076923073,128.77627991719658,124.94968162126489
2020-01-24,128.42,126.8895192307692,128.81196989131377,124.96706857022464
2020-01-31,127.85,126.91355769230766,128.82071929653736,125.00639608807798
2020-02-07,126.56,126.93028846153842,128.7932904376485,125.06728648542835
2020-02-14,125.97,126.93903846153843,128.77491294005108,125.10316398302578
2020-02-21,125.87,126.94624999999996,128.75901206676775,125.13348793323217
2020-02-28,126.05,126.95499999999996,128.74113864584146,125.16886135415844
2020-03-06,126.01,126.96124999999996,128.72930457786907,125.19319542213086
2020-03-13,125.35,126.95788461538457,128.7369335007591,125.17883573001002
2020-03-20,124.89,126.9517307692307,128.754990907079,125.14847063138244
2020-03-27,125.06,126.94548076923071,128.77049760343826,125.12046393502318
2020-04-03,125.44,126.94374999999994,128.7741771611472,125.11332283885268
2020-04-09,125.61,126.94249999999995,128.77642147083714,125.10857852916276
2020-04-17,125.52,126.9399038461538,128.78116448478983,125.09864320751777
2020-04-24,125.45,126.9390384615384,128.78303900749154,125.09503791558527
2020-04-30,125.77,126.94038461538457,128.78072633772828,125.10004289304086
2020-05-08,125.59,126.94230769230765,128.7765139162712,125.1081014683441
2020-05-15,125.48,126.94153846153843,128.7781515732779,125.10492534979896
2020-05-22,125.38,126.9386538461538,128.78419017243496,125.09311751987265
2020-05-29,125.37,126.93365384615382,128.79342741561908,125.07388027668854
2020-06-05,125.6,126.9293269230769,128.79946894442654,125.05918490172728
2020-06-12,125.8,126.92567307692305,128.80319833186113,125.04814782198497
2020-06-19,125.83,126.9307692307692,128.79329010795593,125.06824835358248
2020-06-26,125.87,126.93692307692307,128.78088478266716,125.09296137117897
2020-07-03,125.78,126.94009615384614,128.7748364099455,125.10535589774679
2020-07-09,125.37,126.93528846153845,128.7839215576814,125.0866553653955
2020-07-17,125.53,126.93134615384614,128.7902717391301,125.07242056856217
2020-07-24,125.51,126.92471153846152,128.79904084345907,125.05038223346399
2020-07-30,125.59,126.9180769230769,128.80645543731268,125.02969840884111
2020-08-07,125.6,126.91115384615384,128.8136148128182,125.00869287948946
2020-08-14,125.68,126.90538461538459,128.8191810722472,124.99158815852196
2020-08-21,125.8,126.90028846153844,128.82307458070963,124.97750234236726
2020-08-28,125.74,126.89490384615382,128.82759048205583,124.96221721025184
2020-09-04,125.68,126.89173076923075,128.8313562807026,124.95210525775889
2020-09-11,125.53,126.88576923076923,128.83837007000233,124.93316839153613
2020-09-18,125.77,126.87990384615385,128.84228103582353,124.91752665648417
2020-09-25,125.63,126.86932692307693,128.84676719144636,124.89188665470748
2020-10-02,125.66,126.86211538461538,128.85175392929983,124.87247683993094
2020-10-09,126.08,126.86028846153846,128.8524701835396,124.86810673953734
2020-10-16,125.94,126.85461538461537,128.85394327766616,124.85528749156458
2020-10-23,125.77,126.84509615384614,128.8556392291959,124.8345530784964
2020-10-30,125.42,126.83240384615384,128.86220032587758,124.80260736643008
2020-11-06,125.45,126.81894230769231,128.86675699567027,124.77112761971433
2020-11-13,125.69,126.80865384615385,128.86838152670555,124.74892616560213
2020-11-20,125.6,126.79586538461538,128.8690218085042,124.72270896072658
2020-11-27,125.66,126.7835576923077,128.86842302198735,124.69869236262805
